<?xml version="1.0" encoding="UTF-8" ?>
<extension version="2.5" type="plugin" group="vmpayment" >
    <name>Ifthenpay Multibanco</name>
    <creationDate>21 Novembro 2016</creationDate>
    <author>Ifthenpay, Lda</author>
    <authorUrl>http://www.ifthenpay.com</authorUrl>
    <copyright>Copyright (C) 2016 Ifthenpay, Lda. All rights reserved.</copyright>
    <license>http://www.gnu.org/licenses/gpl-3.0.html GNU/GPL</license>
    <version>5.3</version>
    <description>Pagamento por Multibanco Ifthenpay</description>

    <files>
		<filename plugin="multibanco">multibanco.php</filename>
    <folder>multibanco</folder>
    </files>

	<vmconfig>
        <fields name="params">
            <fieldset name="payment"  addfieldpath="/plugins/vmpayment/multibanco/multibanco/fields">

                <field name="entidade" type="text" default="" label="Entidade"
                       description="Este dado será fornecido pela IFTHENPAY, assim que assine o contrato."/>
                <field name="subentidade" type="text" default=""
                       label="Sub-entidade" description="Este dado será fornecido pela IFTHENPAY, assim que assine o contrato."/>
                <field name="payment_currency" type="vmacceptedcurrency" default=""
                       label="Moeda" description="Seleccione a opção Euro, pois o serviço só é válido em Portugal."/>
                <field name="status_pending" type="vmorderstate" scope="com_virtuemart" default="U"
                       label="Estado" description="Estado da transação, antes de confirmada (seleccione Pending)"/>
                <field name="countries" type="vmcountries" scope="com_virtuemart" default="Portugal"
                       label="VMPAYMENT_STANDARD_COUNTRIES" description="VMPAYMENT_STANDARD_COUNTRIES_DESC"/>
                <field name="chaveantiphishing" type="getap" default="" directory="multibanco"
                       label="Chave Anti-phishing" description="Deverá ser única e conter 50 digitos"/>
                <field name="urlcallback" type="geturlcallback" default="" directory="multibanco"
                       label="Url de Callback" description=""/>
            </fieldset>
        </fields>
    </vmconfig>
</extension>
